{"cameraMode":{"drawMode":0,"name":"Shaded","section":"Shading Mode"},"sceneLighting":true,"audioPlay":false,"sceneViewState":{"showFog":true,"showMaterialUpdate":false,"showSkybox":true,"showFlares":true,"showImageEffects":true,"showParticleSystems":true},"in2DMode":false,"pivot":{"x":297.2956237792969,"y":371.767333984375,"z":-56.440887451171878},"rotation":{"x":-0.2977355122566223,"y":0.021477388218045236,"z":-0.006700171157717705,"w":-0.9543832540512085},"size":429.7578125,"orthographic":false}